input,norm
FF,FF
SK AX,SKAX
company,company
iRT,iRT
m114,m114
가람아이티,가람아이티
가온소프트랩,가온소프트랩
가치플레이,가치플레이
고고에프앤디,고고에프앤디
공감데이터,공감데이터
교림소프트,교림소프트
굿씽크,굿씽크
그랩록,그랩록
글로벌인,글로벌인
기어세컨드,기어세컨드
나루데이타,나루데이타
나모웹비즈,나모웹비즈
나우정보기술,나우정보기술
나이스인베스팅,나이스인베스팅
내친구네트웍스,내친구네트웍스
넥서스인프라,넥서스인프라
넥스에스아이,넥스에스아이
넥스트라인코드,넥스트라인코드
넥스트빌더,넥스트빌더
넥시큐어 시스템 테크놀로지,넥시큐어시스템테크놀로지
넬슨씨엔씨,넬슨씨엔씨
노버스메이,노버스메이
누리꿈소프트,누리꿈소프트
누리랩,누리랩
누리어시스템,누리어시스템
다다미디어,다다미디어
다모아솔루션,다모아솔루션
다복메디칼,다복메디칼
다산소프트,다산소프트
다온아이티에스,다온아이티에스
다임즈,다임즈
대교에듀베이션,대교에듀베이션
대성전산,대성전산
대한상공회의소,대한상공회의소
더 프리미엄 마케팅,더프리미엄마케팅
더다올디앤씨,더다올디앤씨
더블유에이티원홀딩스,더블유에이티원홀딩스
더솔트,더솔트
더웹스타일,더웹스타일
덕아웃,덕아웃
데이터디자인엔지니어링,데이터디자인엔지니어링
데이터시티위마켓,데이터시티위마켓
델레오코리아,델레오코리아
도전하는사람들,도전하는사람들
동양정보서비스,동양정보서비스
두아즈,두아즈
드림시스,드림시스
디노블,디노블
디노텍,디노텍
디더블유아이,디더블유아이
디비아이엔씨,디비아이엔씨
디씨미디어,디씨미디어
디에스아이텍,디에스아이텍
디에스이트레이드,디에스이트레이드
디엑스앤브이엑스,디엑스앤브이엑스
디엑스티앤,디엑스티앤
디오티스,디오티스
디지타이드,디지타이드
디지털스퀘어,디지털스퀘어
디지토피아,디지토피아
디코랩,디코랩
디티에쓰아이,디티에쓰아이
디피플래닝,디피플래닝
딥파인,딥파인
라미,라미
라쿠텐심포니코리아,라쿠텐심포니코리아
랭코드,랭코드
러닝뱅크,러닝뱅크
러쉬에잇,러쉬에잇
레드소프트,레드소프트
레디올소프트,레디올소프트
렛유인에듀,렛유인에듀
로고스시스템,로고스시스템
루돌프랩스,루돌프랩스
리더스아이,리더스아이
리비바이오,리비바이오
리얼벨류,리얼벨류
리플럭스,리플럭스
릴레이브랜드,릴레이브랜드
마루정보,마루정보
마루한소프트,마루한소프트
마리나체인,마리나체인
마린웍스,마린웍스
마바산업,마바산업
마이나비코리아,마이나비코리아
마이링크,마이링크
마이플랫,마이플랫
마이헨지,마이헨지
마인즈앤컴퍼니,마인즈앤컴퍼니
마준소프트,마준소프트
마켓링크,마켓링크
마크베이스,마크베이스
매그넘브릿지,매그넘브릿지
맨텍네트웍스,맨텍네트웍스
메디랩스,메디랩스
메디스토리지,메디스토리지
메이어스,메이어스
메이저맵,메이저맵
메이커플랫폼,메이커플랫폼
메이팜소프트,메이팜소프트
메타덱스터,메타덱스터
메타존,메타존
모던웨이브,모던웨이브
모두투어네트워크,모두투어네트워크
모드니사회적협동조합,모드니사회적협동조합
모바일팩토리,모바일팩토리
모빌러그,모빌러그
모스티소프트,모스티소프트
모아씨앤씨,모아씨앤씨
무한정보기술,무한정보기술
미담기획,미담기획
미래아이씨티,미래아이씨티
미래아이앤티,미래아이앤티
미래지기,미래지기
미르솔텍,미르솔텍
미뷰,미뷰
미지웍스,미지웍스
민컴퍼니,민컴퍼니
밀버스,밀버스
바이스타일,바이스타일
바이오리서치에이아이,바이오리서치에이아이
바이칼에이아이,바이칼에이아이
바자울정보기술,바자울정보기술
반프,반프
밴틱스,밴틱스
버블콘,버블콘
버전업소프트,버전업소프트
범소프트,범소프트
베스트아웃소싱,베스트아웃소싱
베스트아이씨티,베스트아이씨티
베스티아소프트,베스티아소프트
베이콘,베이콘
벨텍소프트,벨텍소프트
보미오라한의원,보미오라한의원
보인정보기술,보인정보기술
뷰런테크놀로지,뷰런테크놀로지
뷰티에이아이,뷰티에이아이
브라더스비,브라더스비
브라이트벨 크리에이티브그룹,브라이트벨크리에이티브그룹
브리즈,브리즈
브릭스트림,브릭스트림
브이젠,브이젠
블록스퀘어랩스,블록스퀘어랩스
블루비즈,블루비즈
블루비트,블루비트
블루웨이브컨설팅,블루웨이브컨설팅
블루케이,블루케이
비롯시앤엠,비롯시앤엠
비비트리,비비트리
비에스비 매니지먼트,비에스비매니지먼트
비에이소프트,비에이소프트
비엠엠,비엠엠
비자림,비자림
비전스페이스,비전스페이스
비주얼래보러토리,비주얼래보러토리
비쥬웍스,비쥬웍스
비즈비,비즈비
비츠로넥스트,비츠로넥스트
비투넷,비투넷
비피엠지,비피엠지
사운드마인드,사운드마인드
삼성에이엑스아이,삼성에이엑스아이
삼양문화,삼양문화
상상스토리,상상스토리
새롬씨앤씨,새롬씨앤씨
샌드박스,샌드박스
서우컴퍼니,서우컴퍼니
서울유니에듀,서울유니에듀
서원정보,서원정보
서인시스템,서인시스템
선시안 SUNCYAN In,선시안SUNCYANIn
성우정보,성우정보
세계로안전,세계로안전
세움웹,세움웹
세인티,세인티
세틀원,세틀원
셀빅,셀빅
셈웨어,셈웨어
셋시큐리티,셋시큐리티
소리튠,소리튠
소울엑스,소울엑스
소프트베이스,소프트베이스
소프트파워,소프트파워
솔비트,솔비트
솔텍아이앤에스,솔텍아이앤에스
솔트레이,솔트레이
송아리아이티,송아리아이티
수커뮤니케이션,수커뮤니케이션
수펙스테크놀러지,수펙스테크놀러지
슈퍼스타트,슈퍼스타트
슈퍼플래닛,슈퍼플래닛
스노우온카드,스노우온카드
스데반정보,스데반정보
스마일드래곤,스마일드래곤
스마트이,스마트이
스캐터엑스,스캐터엑스
스타랩스,스타랩스
스테인온,스테인온
스토리앤미디어,스토리앤미디어
스페이드컴퍼니,스페이드컴퍼니
스프링컴즈,스프링컴즈
시계거래소,시계거래소
시너지시스템즈,시너지시스템즈
시루정보,시루정보
시선아이티,시선아이티
시스템노바,시스템노바
시엔에스정보기술,시엔에스정보기술
시프트원,시프트원
신선고,신선고
신세계아이앤씨,신세계아이앤씨
써드맨,써드맨
써스포,써스포
쓰리케이원에이아이,쓰리케이원에이아이
씨아이에스엠텍,씨아이에스엠텍
씨앤에이커뮤니케이션즈,씨앤에이커뮤니케이션즈
씨엔씨네트웍스,씨엔씨네트웍스
씨지인사이드,씨지인사이드
씨티아이에스CTIS Co,씨티아이에스CTISCo
씽클레어,씽클레어
아데나소프트,아데나소프트
아수소프트,아수소프트
아이림프,아이림프
아이비즈소프트웨어,아이비즈소프트웨어
아이비티에스,아이비티에스
아이서트,아이서트
아이알에스소프트코리아,아이알에스소프트코리아
아이에스오에스컨설팅,아이에스오에스컨설팅
아이엑세스,아이엑세스
아이엠폼,아이엠폼
아이오트리,아이오트리
아이웹,아이웹
아이이에이,아이이에이
아이지아이코리아,아이지아이코리아
아이컴테크놀러지,아이컴테크놀러지
아이트럭,아이트럭
아이티사람들,아이티사람들
아이티에스피,아이티에스피
아이티컨버젼,아이티컨버젼
아이티크루,아이티크루
아이티펍,아이티펍
아이피아,아이피아
아인스페이스,아인스페이스
아인잡,아인잡
아임온,아임온
아큐라시스템,아큐라시스템
아토머스,아토머스
아톰소프트,아톰소프트
알로스타,알로스타
알티시스템,알티시스템
애니로직,애니로직
앰진,앰진
앱메이드,앱메이드
앵글컴퍼니,앵글컴퍼니
양재미디어,양재미디어
어다인,어다인
언버스,언버스
언플러,언플러
에고이즘,에고이즘
에니트,에니트
에듀베이스,에듀베이스
에버에듀시스템,에버에듀시스템
에스넷시스템,에스넷시스템
에스디씨아이티,에스디씨아이티
에스메이트,에스메이트
에스브이,에스브이
에스씨301의원,에스씨301의원
에스알포스트,에스알포스트
에스에이치엘에이비,에스에이치엘에이비
에이블정보,에이블정보
에이블짐정보,에이블짐정보
에이솔,에이솔
에이아이맥스,에이아이맥스
에이아이소울,에이아이소울
에이아이스타,에이아이스타
에이아이월드,에이아이월드
에이아이커넥트,에이아이커넥트
에이엑스,에이엑스
에이엔드,에이엔드
에이엠아이시스템즈,에이엠아이시스템즈
에이치와이소프트,에이치와이소프트
에이티이정보,에이티이정보
에임비랩,에임비랩
에프아이솔루션,에프아이솔루션
에프지아이,에프지아이
엑센솔루션,엑센솔루션
엔게임즈,엔게임즈
엔레드,엔레드
엔솔루션스,엔솔루션스
엔스크린,엔스크린
엔에스원소프트,엔에스원소프트
엔에이치엔케이씨피,엔에이치엔케이씨피
엔에프에스시스템,엔에프에스시스템
엔지니어스토리,엔지니어스토리
엔코씨앤에스,엔코씨앤에스
엔투에이아이,엔투에이아이
엘로이랩,엘로이랩
엘핀,엘핀
엠넷정보통신,엠넷정보통신
엠비씨아카데미 컴퓨터교육센터,엠비씨아카데미컴퓨터교육센터
엠시큐어,엠시큐어
엠플러스정보시스템,엠플러스정보시스템
영성미디어,영성미디어
예가비즈,예가비즈
오로라월드,오로라월드
오륜디지탈,오륜디지탈
오상테크놀로지,오상테크놀로지
오스랩스,오스랩스
오아시스펀딩,오아시스펀딩
오엠티아이코리아 영업소,오엠티아이코리아영업소
오퍼스케이,오퍼스케이
오픈마인즈,오픈마인즈
오픈에스티,오픈에스티
온브릭스,온브릭스
올리브인터넷,올리브인터넷
올윈에듀,올윈에듀
와이비엠넷,와이비엠넷
와이에스네오,와이에스네오
와이에스지,와이에스지
와이티아이엔에스,와이티아이엔에스
와커스,와커스
와탭랩스,와탭랩스
원스글로벌,원스글로벌
웨버씨엔에스,웨버씨엔에스
웨이브,웨이브
웰페어코리아,웰페어코리아
웹라이트WEBLIGHT C,웹라이트WEBLIGHTC
웹브라이트,웹브라이트
위드위,위드위
위미츠,위미츠
위버로프트,위버로프트
위쉬정보기술,위쉬정보기술
위즈덤스페이스,위즈덤스페이스
위지언,위지언
위치스,위치스
위캔소프트,위캔소프트
위키,위키
위트플러스,위트플러스
위피아,위피아
윈에이드,윈에이드
윙소프트,윙소프트
윙키,윙키
유니베이아이엔씨,유니베이아이엔씨
유니온시스템즈,유니온시스템즈
유니쿼스,유니쿼스
유니피아,유니피아
유닛블랙,유닛블랙
유비펀,유비펀
유앤피플,유앤피플
유엔파인,유엔파인
유원시스템즈,유원시스템즈
유월드소프트,유월드소프트
유진정보기술,유진정보기술
유탑소프트,유탑소프트
유피드,유피드
윤마케팅,윤마케팅
이그레브,이그레브
이글루코퍼레이션,이글루코퍼레이션
이너버즈,이너버즈
이노지스소프트,이노지스소프트
이노파크,이노파크
이니넥스트,이니넥스트
이로홀딩스,이로홀딩스
이번트,이번트
이베이스넷,이베이스넷
이비엠,이비엠
이에스티소프트,이에스티소프트
이와이,이와이
이웃닷컴,이웃닷컴
이젠아카데미,이젠아카데미
이커머스테크,이커머스테크
인스파이어파트너스,인스파이어파트너스
인터넷밸리,인터넷밸리
인터엠디컴퍼니,인터엠디컴퍼니
인텔리즈,인텔리즈
인포유앤컴퍼니,인포유앤컴퍼니
인포플라,인포플라
인피니어,인피니어
일루니,일루니
임프리메드코리아,임프리메드코리아
자이로소프트,자이로소프트
자이언트솔루션,자이언트솔루션
자이트솔루션,자이트솔루션
잠보 소프트,잠보소프트
전국개인택시공제조합,전국개인택시공제조합
제스트,제스트
제스트씨엔에스,제스트씨엔에스
제이드크로스,제이드크로스
제이에이치솔루션,제이에이치솔루션
제이엠씨컨설팅,제이엠씨컨설팅
제이와이컴퍼니,제이와이컴퍼니
제이와이테크,제이와이테크
제이케이소프트랩,제이케이소프트랩
제이투이,제이투이
조이팩토리,조이팩토리
조인글로벌,조인글로벌
조인아이티,조인아이티
K피엠씨,K피엠씨
넥스인테크놀로지NexIn Technology CoLtd,넥스인테크놀로지NexInTechnologyCoLtd
디엔에이케어,디엔에이케어
비빔블,비빔블
스마트인테크,스마트인테크
여기에,여기에
인벤티스,인벤티스
지뉴소프트,지뉴소프트
지브라브라더스,지브라브라더스
지산소프트,지산소프트
지아이데이타,지아이데이타
지앤아이소프트,지앤아이소프트
지에스비아이,지에스비아이
지에이시스템,지에이시스템
지엘링크코리아,지엘링크코리아
지엘아이에스,지엘아이에스
지엠코퍼레이션,지엠코퍼레이션
지케스,지케스
지피에이코리아,지피에이코리아
진커뮤니케이션,진커뮤니케이션
차병원바이오그룹,차병원바이오그룹
채움솔루션,채움솔루션
천명소프트,천명소프트
첫눈소프트,첫눈소프트
청년취업사관학교,청년취업사관학교
체스트넛,체스트넛
카사요,카사요
캐롯아이,캐롯아이
커넥트아이티,커넥트아이티
커머스온,커머스온
커머스톤,커머스톤
컷백,컷백
케이비드,케이비드
케이소프트,케이소프트
케이씨엠에스,케이씨엠에스
케이엔비윈텍,케이엔비윈텍
케이지파이낸셜,케이지파이낸셜
케파스,케파스
코그니텀,코그니텀
코그로보,코그로보
코나체인,코나체인
코드랩,코드랩
코드랩이앤티,코드랩이앤티
코드아이디어,코드아이디어
코디얼,코디얼
코리아아이티컨설팅,코리아아이티컨설팅
코리아정보보안아이티아카데미,코리아정보보안아이티아카데미
코어디아이티,코어디아이티
코어메이드,코어메이드
코운디티,코운디티
쿡섬,쿡섬
퀀텀넥서스,퀀텀넥서스
퀀텀에듀솔루션,퀀텀에듀솔루션
퀀텀에이아이,퀀텀에이아이
큐디의원,큐디의원
큐브플레이어,큐브플레이어
크랜베리Cranberry,크랜베리Cranberry
크로스포인트,크로스포인트
크리트,크리트
클립에듀,클립에듀
키위즈,키위즈
키트넷,키트넷
타이드플로,타이드플로
타이코콜렉션,타이코콜렉션
태화이노베이션,태화이노베이션
테르텐,테르텐
테크온베이스,테크온베이스
테크핀레이팅스,테크핀레이팅스
텐,텐
투스카이,투스카이
트인시스템즈,트인시스템즈
티벨,티벨
티업엔조이,티업엔조이
티웍스아이앤씨,티웍스아이앤씨
티유컨설팅,티유컨설팅
티젠소프트,티젠소프트
티케이로지스,티케이로지스
티티비,티티비
티티엠소프트,티티엠소프트
파란샘,파란샘
파인법정의무교육센터,파인법정의무교육센터
팔레트,팔레트
퍼니웍,퍼니웍
퍼브,퍼브
퍼즐데이터,퍼즐데이터
펜타웍스,펜타웍스
포밸류소프트,포밸류소프트
포스웨이브,포스웨이브
포에스시스템,포에스시스템
포이시스,포이시스
포인트엑스,포인트엑스
폴리큐브,폴리큐브
프라임플레이,프라임플레이
프리모리스엔젯리미티드,프리모리스엔젯리미티드
프리스타일,프리스타일
플레이랭귀지,플레이랭귀지
플레이위드코리아,플레이위드코리아
플립온코리아,플립온코리아
플링캐스트,플링캐스트
피봇브릿지,피봇브릿지
피아스페이스,피아스페이스
피아트SID,피아트SID
피엠그룹코리아,피엠그룹코리아
피엠에스컨설팅,피엠에스컨설팅
피피에스,피피에스
픽셀소프트웨어,픽셀소프트웨어
필그림소프트,필그림소프트
하성씨앤아이,하성씨앤아이
하이미디어컴퓨터학원,하이미디어컴퓨터학원
하이스트레인저,하이스트레인저
하이유엑스컨설팅,하이유엑스컨설팅
하이퍼와이즈,하이퍼와이즈
한겨레신문사,한겨레신문사
한국공간데이터,한국공간데이터
한국그루브,한국그루브
한국도시및지역계획학회,한국도시및지역계획학회
한국모바일인증,한국모바일인증
한국비앤에스시스템,한국비앤에스시스템
한국세무사회전산법인,한국세무사회전산법인
한국솔루션,한국솔루션
한국유투더블유,한국유투더블유
한국전자입찰연구소,한국전자입찰연구소
한솔코에버,한솔코에버
한얼아이티,한얼아이티
한울아이씨티,한울아이씨티
한컴즈,한컴즈
핫셀러,핫셀러
해솔솔루션,해솔솔루션
해주세요컴퍼니,해주세요컴퍼니
핸드위치,핸드위치
핸디아이씨에스,핸디아이씨에스
행복추구 패러다임kcms,행복추구패러다임kcms
헤밀레라이프랩,헤밀레라이프랩
헥사아이,헥사아이
호디,호디
화이트래빗스토리,화이트래빗스토리
화이트스캔,화이트스캔
휴먼교육센터,휴먼교육센터
휴텍씨,휴텍씨
흑자,흑자
